snp_id	chrom	pos	p	logp	MAF
rs100696	12	169600	0.0009898550244677	3.004428408113783	0.455
rs100894	12	189400	0.0016598179323866	2.7799395476806517	0.305
rs100021	8	102100	0.0019273080724223	2.715048859574317	0.4425
rs101854	6	285400	0.0032341942091476	2.490233904828902	0.435
rs100518	17	151800	0.0039730932133478	2.4008712457758206	0.2
rs100420	18	142000	0.0044977369100923	2.3470059517098134	0.2
rs101731	12	273100	0.0062166081011515	2.206446509963676	0.315
rs100524	9	152400	0.0089743439424459	2.046997290113402	0.445
rs100274	18	127400	0.0097278987222457	2.0119809595144726	0.2025
rs100319	15	131900	0.0102832521805189	1.9878695136786257	0.4775
rs101087	1	208700	0.0103056520954683	1.986924522807281	0.2225
rs100037	3	103700	0.0116724228391646	1.932838988301915	0.29
rs100583	5	158300	0.0128836592102327	1.8899607713618811	0.2275
rs101693	11	269300	0.0138550245727546	1.8583926996325784	0.24
rs101536	9	253600	0.0143391764023565	1.843475792474621	0.3
rs101864	18	286400	0.0146084127856773	1.8353969679033524	0.285
rs100462	16	146200	0.0152758856960867	1.8159935999546855	0.345
rs100711	11	171100	0.0156871301937245	1.8044564990533152	0.4775
rs100006	9	100600	0.016121786587107	1.7925868321383578	0.235
rs101483	2	248300	0.0178042874682827	1.749475402207926	0.2475
